<?xml version="1.0" encoding="UTF-8"?>
<!DOCTYPE mapper PUBLIC "-//mybatis.org//DTD Mapper 3.0//EN"
        "http://mybatis.org/dtd/mybatis-3-mapper.dtd">

<mapper namespace="cn.tycoding.mapper.GoodsMapper">

    <resultMap id="baseMap" type="cn.tycoding.entity.Goods">
        <id property="id" column="id" jdbcType="INTEGER"/>
        <result property="title" column="title" jdbcType="VARCHAR"/>
        <result property="price" column="price" jdbcType="VARCHAR"/>
        <result property="image" column="image" jdbcType="VARCHAR"/>
        <result property="brand" column="brand" jdbcType="VARCHAR"/>
    </resultMap>

    <!-- 查询所有 -->
    <select id="findAll" resultType="cn.tycoding.entity.Goods">
        SELECT * FROM tb_goods
    </select>

    <!-- 条件查询 -->
    <select id="findByPage" parameterType="cn.tycoding.entity.Goods" resultMap="baseMap">
        SELECT * FROM tb_goods WHERE 1=1
        <if test="brand != null">
            AND brand LIKE CONCAT('%', #{brand}, '%')
        </if>
        <if test="title != null">
            AND title LIKE CONCAT('%', #{title}, '%')
        </if>
    </select>

    <!-- 根据id查询 -->
    <select id="findById" parameterType="Long" resultMap="baseMap">
        SELECT * FROM tb_goods WHERE id = #{id}
    </select>

    <!-- 添加数据 -->
    <insert id="create" parameterType="cn.tycoding.entity.Goods">
        INSERT INTO tb_goods(title, price, image, brand)
        VALUES(#{title}, #{price}, #{image}, #{brand})
    </insert>

    <!-- 更新数据 -->
    <update id="update" parameterType="cn.tycoding.entity.Goods">
        UPDATE tb_goods
        <set>
            <if test="title != null">
                title = #{title},
            </if>
            <if test="price != null">
                price = #{price},
            </if>
            <if test="image != null">
                image = #{image},
            </if>
            <if test="brand != null">
                brand = #{brand},
            </if>
        </set>
        WHERE id = #{id}
    </update>

    <!-- 删除 -->
    <delete id="delete" parameterType="Long">
        DELETE FROM tb_goods WHERE id = #{id}
    </delete>

</mapper>